player_id,name,pa,brl_pa,brl_pct,hardhit,avg_ev,slg,xslg,xiso
650333,Luis Arraez,433,0.5,0.5,20.9,86.9,0.449,0.371,0.08500000000000002
663538,Nico Hoerner,455,0.7,0.8,27.9,86.1,0.335,0.368,0.07500000000000001
676391,Ernie Clement,412,2.2,2.5,22.4,85.0,0.425,0.344,0.08699999999999997
672640,Otto Lopez,437,5.5,6.9,42.4,89.4,0.495,0.44,0.15100000000000002
645277,Ozzie Albies,452,3.3,4.3,27.1,86.7,0.441,0.361,0.125
606466,Ketel Marte,441,8.0,10.3,44.2,91.0,0.453,0.486,0.196
802415,Chandler Simpson,391,0.0,0.0,13.9,83.7,0.356,0.296,0.03699999999999998
666182,Bo Bichette,449,5.0,6.6,42.6,89.8,0.369,0.415,0.13499999999999995
647304,Josh Naylor,421,3.8,4.8,36.1,87.4,0.353,0.393,0.121
676475,Alec Burleson,437,8.5,11.2,48.0,91.7,0.467,0.533,0.23600000000000004
608324,Alex Bregman,468,3.0,4.3,36.0,87.8,0.351,0.345,0.11399999999999996
650490,Yandy Díaz,441,5.3,7.0,46.8,90.7,0.465,0.446,0.15800000000000003
669364,Xavier Edwards,442,3.2,4.3,28.8,87.1,0.404,0.372,0.10999999999999999
808982,Jung Hoo Lee,384,1.8,2.2,28.4,87.0,0.435,0.382,0.08700000000000002
695734,Daylen Lile,433,6.1,8.1,36.1,88.2,0.407,0.415,0.15999999999999998
683002,Gunnar Henderson,476,4.7,6.9,44.1,89.4,0.407,0.383,0.14800000000000002
643289,Mauricio Dubón,411,3.7,4.7,30.8,86.5,0.41,0.387,0.119
665487,Fernando Tatis Jr.,459,7.7,11.0,53.3,92.1,0.398,0.441,0.15400000000000003
665489,Vladimir Guerrero Jr.,425,5.2,6.9,43.5,90.2,0.358,0.408,0.12
661388,William Contreras,416,5.6,7.3,42.6,90.1,0.392,0.438,0.16899999999999998
805808,Kevin McGonigle,447,5.4,7.6,38.1,88.2,0.417,0.439,0.172
802139,JJ Wetherholt,448,5.2,7.3,45.1,90.0,0.398,0.435,0.177
607208,Trea Turner,450,4.7,6.7,41.3,88.9,0.386,0.372,0.128
518692,Freddie Freeman,442,7.3,10.3,44.2,90.2,0.488,0.502,0.203
664761,Alec Bohm,407,4.2,5.4,42.6,90.6,0.367,0.378,0.131
691406,Junior Caminero,456,9.1,13.2,51.6,93.1,0.548,0.506,0.22599999999999998
681624,Andy Pages,447,5.9,8.4,44.1,89.1,0.459,0.441,0.173
672695,Geraldo Perdomo,433,2.1,2.9,29.0,87.0,0.347,0.33,0.08500000000000002
686797,Brooks Lee,406,3.0,3.9,31.6,87.7,0.422,0.329,0.10400000000000001
666176,Jo Adell,430,6.1,8.5,43.3,89.6,0.398,0.441,0.178
702284,Cole Young,416,3.9,5.2,38.2,88.3,0.398,0.42,0.14399999999999996
641355,Cody Bellinger,434,4.4,6.2,37.2,89.1,0.42,0.419,0.14199999999999996
677587,Brayan Rocchio,398,2.3,3.0,32.1,86.5,0.402,0.357,0.10399999999999998
681198,TJ Rumfield,415,3.9,5.3,28.4,83.9,0.478,0.386,0.131
669477,Casey Schmitt,404,9.5,12.5,44.6,89.8,0.487,0.516,0.22600000000000003
701398,Sal Stewart,449,9.4,13.9,40.3,90.4,0.468,0.472,0.22299999999999998
678246,Miguel Vargas,444,10.0,14.6,45.8,90.4,0.48,0.525,0.256
670541,Yordan Alvarez,455,12.6,18.9,53.3,94.6,0.646,0.713,0.37699999999999995
671056,Iván Herrera,459,3.5,5.3,38.7,89.0,0.374,0.369,0.126
677800,Wilyer Abreu,438,8.8,12.7,42.3,89.8,0.439,0.468,0.21200000000000002
677951,Bobby Witt Jr.,414,8.7,12.0,52.2,92.9,0.45,0.517,0.21100000000000002
678882,Ceddanne Rafaela,406,3.7,5.0,33.1,86.3,0.439,0.349,0.10699999999999998
670623,Isaac Paredes,419,4.3,6.0,30.4,86.7,0.435,0.371,0.128
693304,Nick Gonzales,408,2.2,3.0,36.2,85.8,0.41,0.384,0.10399999999999998
521692,Salvador Perez,412,7.4,10.1,42.8,89.0,0.367,0.41,0.18199999999999997
621566,Matt Olson,457,9.1,13.9,50.3,92.6,0.528,0.506,0.257
671739,Michael Harris II,394,9.5,12.5,50.0,91.2,0.508,0.505,0.21000000000000002
689414,Liam Hicks,375,3.2,4.1,30.7,85.2,0.442,0.351,0.10299999999999998
621493,Taylor Ward,477,3.4,5.5,38.7,89.4,0.357,0.379,0.127
680757,Steven Kwan,388,0.3,0.3,9.3,83.4,0.306,0.331,0.061
701538,Jackson Merrill,429,7.1,10.3,46.2,89.7,0.382,0.434,0.185
682928,CJ Abrams,431,7.3,10.7,42.2,89.8,0.557,0.467,0.20500000000000002
701807,Carson Benge,417,5.3,7.7,40.8,89.2,0.391,0.432,0.15199999999999997
605137,Josh Bell,413,6.8,9.8,43.4,90.0,0.413,0.433,0.187
691023,Jordan Walker,434,9.3,14.0,50.0,93.7,0.517,0.499,0.21700000000000003
673962,Josh Jung,396,4.5,6.3,48.3,90.6,0.441,0.432,0.14600000000000002
607043,Brandon Nimmo,417,8.5,12.2,51.7,92.3,0.431,0.511,0.21800000000000003
677594,Julio Rodríguez,406,6.5,9.1,44.2,90.2,0.419,0.468,0.196
592518,Manny Machado,432,7.3,10.9,44.4,90.5,0.428,0.431,0.194
800050,Chase DeLauter,368,5.2,6.7,45.4,91.1,0.45,0.438,0.15899999999999997
669127,Shea Langeliers,416,10.1,14.9,45.6,91.8,0.497,0.513,0.245
666018,Jonathan Aranda,448,6.3,10.0,44.8,91.0,0.438,0.451,0.189
572233,Christian Walker,423,6.4,9.6,42.1,89.4,0.447,0.373,0.154
624413,Pete Alonso,457,7.7,12.5,55.0,93.9,0.458,0.509,0.236
547180,Bryce Harper,441,7.1,11.1,45.5,90.2,0.484,0.498,0.22799999999999998
681082,Bryson Stott,382,5.3,7.2,38.4,89.1,0.39,0.406,0.14300000000000002
682998,Corbin Carroll,434,7.9,12.2,47.5,91.5,0.487,0.448,0.199
805367,Chase Meidroth,418,2.9,4.4,35.0,87.9,0.381,0.327,0.093
668930,Brice Turang,445,5.4,8.7,44.0,90.7,0.466,0.449,0.191
663656,Kyle Tucker,409,4.2,6.2,38.5,88.9,0.38,0.403,0.139
683737,Michael Busch,463,5.9,9.8,40.0,88.4,0.401,0.408,0.17699999999999996
646240,Rafael Devers,442,7.1,11.3,50.7,92.3,0.489,0.455,0.222
593428,Xander Bogaerts,401,4.3,6.2,38.7,88.1,0.322,0.371,0.13
807712,Luke Keaschall,384,2.1,2.9,28.2,84.6,0.346,0.333,0.101
668804,Bryan Reynolds,456,6.6,11.0,46.7,90.8,0.453,0.44,0.19
691026,Masyn Winn,392,2.3,3.3,35.3,88.0,0.316,0.327,0.07700000000000001
702332,Caleb Durbin,353,2.0,2.6,28.3,84.4,0.391,0.324,0.09
545121,Ildemaro Vargas,327,2.8,3.3,35.4,87.5,0.405,0.385,0.10100000000000003
693307,Dillon Dingler,396,7.8,11.4,46.5,89.6,0.531,0.52,0.23400000000000004
671277,Luis García Jr.,344,8.8,11.1,45.8,91.6,0.541,0.503,0.21400000000000002
660271,Shohei Ohtani,443,10.3,16.7,53.5,93.5,0.52,0.566,0.27599999999999997
664040,Brandon Lowe,427,7.7,12.3,45.7,91.0,0.468,0.451,0.20600000000000002
691718,Pete Crow-Armstrong,455,6.4,10.8,47.8,90.0,0.544,0.474,0.21399999999999997
700250,Ben Rice,423,9.8,15.4,48.1,92.3,0.577,0.52,0.249
668227,Randy Arozarena,414,4.9,7.5,41.7,90.9,0.438,0.421,0.15499999999999997
642715,Willy Adames,416,6.1,9.4,40.0,88.1,0.429,0.392,0.17300000000000001
694384,Nolan Schanuel,354,1.4,1.9,32.2,87.1,0.392,0.382,0.09700000000000003
669394,Jake Burger,402,7.0,10.6,46.2,89.9,0.428,0.405,0.16900000000000004
669016,Brandon Marsh,391,6.4,9.5,45.4,89.6,0.47,0.434,0.16799999999999998
695578,James Wood,493,11.7,21.9,58.8,95.1,0.543,0.592,0.31699999999999995
682985,Riley Greene,436,9.0,15.0,51.5,91.6,0.469,0.496,0.23199999999999998
691016,Tyler Soderstrom,381,6.9,10.0,44.2,90.1,0.47,0.424,0.16799999999999998
571448,Nolan Arenado,382,5.0,7.4,32.7,85.1,0.426,0.364,0.125
687263,Zach Neto,457,7.3,12.8,39.8,89.5,0.445,0.404,0.202
668715,Spencer Steer,382,7.9,11.7,39.1,89.7,0.423,0.455,0.20800000000000002
680776,Jarren Duran,410,6.6,10.5,38.7,89.6,0.341,0.371,0.147
664983,Jake McCarthy,344,4.1,5.5,25.8,85.3,0.508,0.396,0.133
805300,Jakob Marsee,409,2.0,3.1,33.3,86.7,0.289,0.307,0.09
621020,Dansby Swanson,388,5.2,7.8,43.1,89.9,0.412,0.398,0.17300000000000001
663586,Austin Riley,422,6.7,11.1,44.3,90.8,0.352,0.384,0.17500000000000002
701358,Cam Smith,384,7.9,12.0,44.6,89.5,0.367,0.444,0.197
656811,Ryan O'Hearn,371,5.2,7.6,45.2,89.8,0.46,0.419,0.15799999999999997
665019,Kody Clemens,365,8.6,12.4,46.4,92.7,0.474,0.442,0.194
686217,Sal Frelick,313,1.6,2.0,27.8,85.9,0.33,0.322,0.07900000000000001
665742,Juan Soto,359,9.7,14.2,48.6,92.5,0.539,0.589,0.292
643446,Jeff McNeil,314,1.0,1.2,32.4,86.4,0.329,0.359,0.08499999999999996
665926,Andrés Giménez,333,3.0,4.0,23.5,86.2,0.351,0.323,0.092
678662,Ezequiel Tovar,363,4.5,6.5,32.9,87.3,0.32,0.358,0.141
687859,Troy Johnston,336,1.5,2.0,38.4,89.8,0.403,0.38,0.10099999999999998
677649,Ezequiel Duran,357,4.2,6.2,36.8,88.6,0.439,0.373,0.118
575929,Willson Contreras,396,8.9,14.5,46.5,90.5,0.552,0.52,0.249
662139,Daulton Varsho,337,4.8,6.7,37.5,86.1,0.383,0.372,0.125
672960,Kazuma Okamoto,417,8.3,14.2,46.7,91.1,0.447,0.428,0.217
803011,Sam Antonacci,338,4.8,6.7,36.0,87.5,0.409,0.425,0.139
514888,Jose Altuve,347,4.1,5.9,32.6,85.8,0.4,0.337,0.11100000000000002
656775,Cedric Mullins,351,2.9,4.2,30.9,88.0,0.352,0.312,0.124
543760,Marcus Semien,342,5.3,7.6,35.3,86.3,0.332,0.398,0.15300000000000002
621439,Byron Buxton,355,12.3,18.1,48.1,90.9,0.556,0.516,0.264
695600,Carter Jensen,386,6.0,9.7,43.2,90.7,0.429,0.367,0.159
686948,Drake Baldwin,361,10.1,15.3,50.4,91.5,0.483,0.522,0.241
691594,Javier Sanoja,275,1.1,1.3,31.1,86.9,0.394,0.315,0.063
608070,José Ramírez,328,4.6,6.4,42.7,89.8,0.411,0.438,0.15799999999999997
695657,Colson Montgomery,411,7.6,13.2,42.9,88.9,0.46,0.437,0.218
695506,Jac Caglianone,372,9.5,15.0,55.6,93.0,0.456,0.492,0.22399999999999998
673548,Seiya Suzuki,382,6.1,9.9,40.8,89.1,0.468,0.426,0.175
664023,Ian Happ,431,6.6,12.0,42.2,89.4,0.428,0.408,0.20499999999999996
663757,Trent Grisham,336,7.5,10.7,46.4,91.2,0.396,0.445,0.193
696100,Hunter Goodman,405,10.0,17.2,46.1,91.0,0.559,0.482,0.245
665862,Jazz Chisholm Jr.,387,5.7,9.5,41.8,90.8,0.41,0.374,0.165
682829,Elly De La Cruz,376,8.9,14.2,52.2,94.1,0.498,0.487,0.20999999999999996
686469,Vinnie Pasquantino,333,4.9,6.9,39.0,88.8,0.348,0.389,0.14200000000000002
571970,Max Muncy,363,8.9,13.9,43.9,90.1,0.505,0.484,0.236
696285,Jacob Young,313,5.2,7.0,35.2,88.7,0.381,0.397,0.137
656305,Matt Chapman,352,4.3,6.6,35.8,88.2,0.368,0.319,0.10900000000000001
605141,Mookie Betts,292,6.6,8.3,38.4,90.5,0.416,0.43,0.15999999999999998
657757,Gavin Sheets,350,4.6,7.0,39.7,87.7,0.4,0.384,0.152
805779,Jacob Wilson,273,2.2,2.6,27.8,83.8,0.409,0.356,0.08599999999999997
691720,Kyle Karros,352,5.5,8.4,43.2,89.7,0.432,0.408,0.15099999999999997
672580,Maikel Garcia,294,3.7,4.9,41.3,90.1,0.373,0.374,0.10199999999999998
672515,Gabriel Moreno,316,5.4,7.6,41.3,89.4,0.448,0.469,0.16499999999999998
683083,Nasim Nuñez,337,0.3,0.4,20.4,84.7,0.294,0.273,0.05000000000000002
671976,Tristan Peters,306,3.6,4.9,31.3,87.4,0.451,0.386,0.13
641487,J.P. Crawford,352,4.3,6.7,36.2,88.2,0.358,0.375,0.128
543807,George Springer,327,5.3,7.6,39.0,88.3,0.396,0.376,0.148
656941,Kyle Schwarber,447,9.3,18.5,52.3,93.3,0.549,0.503,0.264
676609,José Caballero,321,2.5,3.6,25.3,83.8,0.381,0.324,0.1
650489,Willi Castro,353,4.6,7.2,40.1,87.9,0.388,0.365,0.13999999999999999
679529,Spencer Torkelson,404,7.9,14.5,42.1,89.8,0.416,0.41,0.19899999999999998
663616,Trevor Larnach,316,5.4,7.8,34.7,87.1,0.457,0.41,0.14399999999999996
702222,Justin Crawford,301,0.7,0.9,32.9,86.5,0.341,0.309,0.06
678554,Curtis Mead,327,7.5,11.0,42.5,88.1,0.5,0.458,0.198
641343,Jake Bauers,375,7.8,13.3,53.2,92.6,0.481,0.459,0.21000000000000002
683146,Brett Baty,346,5.5,8.8,39.6,89.5,0.331,0.375,0.139
686555,Isaac Collins,347,3.8,6.0,41.0,88.4,0.37,0.334,0.09900000000000003
690993,Colt Keith,296,5.8,7.9,42.1,89.0,0.395,0.427,0.15999999999999998
663837,Matt Vierling,285,3.9,5.1,36.7,87.7,0.322,0.379,0.124
663968,Jake Mangum,284,1.1,1.4,25.8,84.7,0.373,0.327,0.069
668939,Adley Rutschman,284,5.3,7.1,42.0,89.4,0.433,0.432,0.15799999999999997
643217,Andrew Benintendi,314,6.1,9.0,46.2,89.0,0.418,0.422,0.16899999999999998
686681,Michael Massey,279,4.7,6.2,41.7,90.2,0.428,0.4,0.15900000000000003
687462,Spencer Horwitz,295,6.1,8.6,34.3,86.9,0.455,0.393,0.15700000000000003
545361,Mike Trout,388,10.4,19.0,48.6,90.6,0.458,0.536,0.276
694192,Jackson Chourio,318,8.6,12.9,46.2,92.3,0.467,0.458,0.20800000000000002
683953,Travis Bazzana,322,3.1,4.8,36.1,88.1,0.404,0.353,0.12699999999999997
671289,Tyler Freeman,269,1.1,1.5,35.4,88.0,0.325,0.357,0.08999999999999997
701762,Nick Kurtz,416,9.0,18.1,58.3,93.6,0.491,0.488,0.241
701675,Nathan Church,281,5.4,7.4,32.4,86.0,0.359,0.364,0.13099999999999998
668709,JJ Bleday,317,6.7,10.3,41.9,89.0,0.476,0.461,0.2
694212,Samuel Basallo,311,8.4,12.9,45.5,91.3,0.45,0.469,0.21899999999999997
609280,Miguel Andujar,254,3.5,4.5,36.3,88.3,0.423,0.376,0.11199999999999999
663743,Nick Fortes,245,2.0,2.5,37.0,85.9,0.386,0.343,0.09200000000000003
665750,Leody Taveras,314,2.9,4.5,29.5,87.0,0.349,0.327,0.10600000000000001
656716,Zach McKinstry,276,1.8,2.5,21.0,85.0,0.298,0.32,0.086
592626,Joc Pederson,314,7.4,11.6,48.2,91.8,0.491,0.46,0.199
605170,Victor Caratini,289,4.9,7.2,38.5,89.6,0.358,0.399,0.15500000000000003
592663,J.T. Realmuto,284,3.2,4.6,40.2,89.5,0.36,0.384,0.126
687401,Joey Ortiz,266,3.0,4.1,35.2,88.1,0.346,0.347,0.10399999999999998
608348,Carson Kelly,271,4.4,6.2,37.8,88.0,0.38,0.388,0.14600000000000002
657041,Lane Thomas,307,4.3,6.7,42.0,89.5,0.391,0.378,0.133
642086,Dominic Smith,251,4.5,5.7,35.4,87.8,0.388,0.389,0.137
668885,Austin Martin,292,1.4,2.1,28.1,87.0,0.318,0.318,0.08000000000000002
686527,Dominic Canzone,284,9.6,14.1,47.4,92.3,0.494,0.486,0.22399999999999998
502671,Paul Goldschmidt,286,7.8,11.5,37.7,86.5,0.487,0.421,0.18799999999999997
669065,Kyle Stowers,340,6.3,11.1,54.2,91.6,0.427,0.412,0.18399999999999997
660688,Keibert Ruiz,230,4.4,5.3,39.2,89.0,0.461,0.363,0.128
666126,Carlos Cortes,249,5.6,7.4,39.9,90.0,0.428,0.41,0.14599999999999996
664770,Nathan Lukes,246,0.8,1.1,28.2,86.6,0.406,0.333,0.07800000000000001
669003,Garrett Mitchell,342,7.7,13.8,48.9,92.6,0.446,0.459,0.198
700932,Kyle Manzardo,334,6.3,11.2,40.4,89.3,0.361,0.368,0.152
672724,Oswald Peraza,291,4.8,7.5,38.0,87.4,0.371,0.352,0.12299999999999997
680574,Matt McLain,309,5.5,9.1,38.0,88.8,0.328,0.386,0.16
592885,Christian Yelich,310,5.2,8.6,42.2,89.2,0.397,0.383,0.158
624585,Jorge Soler,340,6.3,11.3,42.5,88.3,0.366,0.362,0.155
670764,Taylor Walls,290,1.7,2.7,22.5,85.3,0.297,0.257,0.069
671732,Lawrence Butler,301,3.7,6.0,44.5,89.0,0.299,0.346,0.11299999999999996
650859,Luis Rengifo,238,3.8,4.9,37.9,88.3,0.303,0.348,0.09699999999999998
682657,Angel Martínez,251,5.7,7.7,37.6,87.9,0.427,0.403,0.15300000000000002
665161,Jeremy Peña,245,3.7,5.0,39.2,88.0,0.477,0.447,0.14300000000000002
668904,Royce Lewis,290,7.7,12.2,41.4,89.1,0.38,0.381,0.161
687093,Vaughn Grissom,244,5.4,7.2,41.7,89.1,0.398,0.417,0.15399999999999997
671218,Heliot Ramos,270,10.6,15.6,50.6,92.5,0.441,0.478,0.20799999999999996
664034,Ty France,269,8.3,12.2,50.6,92.5,0.549,0.455,0.203
663886,Tyler Stephenson,280,7.6,11.7,46.4,90.9,0.394,0.465,0.21000000000000002
668901,Mark Vientos,254,7.1,10.1,43.8,89.5,0.388,0.447,0.213
694497,Evan Carter,287,3.9,6.2,37.6,87.7,0.342,0.329,0.131
810938,Ben Williamson,248,1.2,1.7,33.9,87.3,0.327,0.335,0.08000000000000002
679845,Nick Loftin,237,3.4,4.5,30.1,87.5,0.412,0.362,0.119
807799,Masataka Yoshida,229,2.2,2.8,39.8,89.0,0.384,0.377,0.10799999999999998
573262,Mike Yastrzemski,273,4.1,6.3,43.4,90.3,0.357,0.343,0.12000000000000002
687551,Drew Gilbert,243,1.3,1.7,33.3,85.6,0.357,0.33,0.08400000000000002
666160,Mickey Moniak,251,7.6,11.0,43.9,89.6,0.558,0.432,0.205
663728,Cal Raleigh,312,6.1,11.0,32.6,88.2,0.3,0.349,0.172
606192,Teoscar Hernández,278,5.8,9.4,44.4,89.7,0.389,0.406,0.16400000000000003
680700,Richie Palacios,251,2.8,4.1,25.1,85.7,0.344,0.333,0.08900000000000002
682177,Daniel Schneemann,276,4.7,7.6,37.6,87.9,0.321,0.357,0.13899999999999998
677942,Blaze Alexander,246,4.9,7.1,48.8,92.6,0.439,0.467,0.15900000000000003
681715,Heriberto Hernández,262,8.9,13.7,51.8,92.5,0.483,0.514,0.251
680869,Zack Gelof,247,4.5,6.6,41.3,88.8,0.476,0.375,0.15
670042,Luke Raley,278,9.8,16.2,47.9,90.8,0.451,0.493,0.238
660821,Jesús Sánchez,234,7.7,10.8,46.7,91.1,0.437,0.457,0.18
681351,Logan O'Hoppe,249,6.9,10.3,36.4,86.9,0.304,0.338,0.135
691785,Marcelo Mayer,228,4.4,6.1,36.0,86.1,0.312,0.297,0.09599999999999997
553993,Eugenio Suárez,295,5.8,10.5,32.7,88.5,0.408,0.341,0.14900000000000002
805999,A.J. Ewing,260,4.3,6.8,42.6,89.7,0.409,0.399,0.14400000000000002
666152,David Hamilton,245,2.5,3.7,28.0,86.8,0.327,0.295,0.09199999999999997
804606,Konnor Griffin,247,5.3,8.0,37.0,87.8,0.404,0.392,0.15200000000000002
682626,Francisco Alvarez,255,10.4,16.4,44.0,90.2,0.449,0.466,0.22000000000000003
694671,Wyatt Langford,224,6.8,9.4,37.7,89.0,0.533,0.45,0.193
669707,Jared Triolo,238,1.7,2.5,37.1,87.3,0.313,0.308,0.07300000000000001
542303,Marcell Ozuna,269,4.9,8.3,38.2,89.5,0.325,0.394,0.17300000000000001
666397,Edouard Julien,259,4.2,7.1,51.3,91.3,0.3,0.41,0.15699999999999997
681481,Kerry Carpenter,257,5.9,9.7,44.5,89.9,0.419,0.389,0.17700000000000002
663993,Nathaniel Lowe,244,7.0,11.0,40.9,89.0,0.472,0.464,0.201
805811,Bryce Eldridge,252,8.1,13.2,55.3,92.6,0.465,0.494,0.235
665833,Oneil Cruz,283,8.8,16.4,59.2,96.0,0.472,0.49,0.235
691723,Coby Mayo,262,6.5,11.2,49.3,92.4,0.402,0.396,0.18500000000000003
670770,TJ Friedl,229,1.8,2.7,28.0,87.4,0.256,0.247,0.067
666969,Adolis García,259,5.4,9.3,48.0,92.1,0.329,0.362,0.142
641857,Ryan McMahon,247,6.6,10.7,51.4,91.1,0.374,0.403,0.16700000000000004
656555,Rhys Hoskins,285,6.3,12.2,39.5,88.6,0.37,0.326,0.158
660670,Ronald Acuña Jr.,236,8.1,13.1,43.4,90.1,0.421,0.489,0.236
681297,Colton Cowser,252,6.0,10.5,37.1,87.0,0.33,0.411,0.20199999999999999
592450,Aaron Judge,261,11.9,21.7,57.3,94.1,0.533,0.6,0.32999999999999996
669224,Austin Wells,236,3.9,6.3,43.4,88.7,0.278,0.371,0.155
694728,Brice Matthews,226,5.3,8.6,37.1,86.8,0.332,0.341,0.14900000000000002
808959,Munetaka Murakami,294,9.3,19.4,58.3,93.9,0.517,0.502,0.28600000000000003
687221,Dalton Rushing,230,7.1,11.8,43.4,89.2,0.46,0.426,0.175
703607,Henry Bolte,224,4.1,6.6,46.7,90.0,0.332,0.345,0.11999999999999997
690976,Alex Freeland,222,3.2,5.3,37.1,88.7,0.314,0.318,0.10700000000000001
681393,Connor Norby,233,4.3,7.6,36.6,87.0,0.325,0.324,0.14100000000000001
669357,Nolan Gorman,229,5.2,9.2,43.8,89.3,0.318,0.351,0.15399999999999997
608369,Corey Seager,219,9.1,15.4,44.6,91.1,0.374,0.446,0.22
683357,Owen Caissie,246,8.5,16.3,48.1,91.8,0.459,0.429,0.213
